{"info":{"team type":null,"cutoff":1760.0,"cutoff deviation":0,"metagame":"gen7uu","number of battles":44},"data":{"Amoonguss":{"Moves":{"sludgebomb":0.0417483204,"protect":0.0,"gigadrain":0.0417670921,"spore":0.0417670921,"clearsmog":0.0000187717,"hiddenpowerfire":0.0417670921},"Checks and Counters":{},"Abilities":{"regenerator":0.0417670921},"Teammates":{"Klefki":0.0417483204,"Togekiss":0.0,"Haxorus":0.0000023691,"Terrakion":0.0,"Crawdaunt":0.0417483204,"Muk-Alola":0.0,"Gligar":0.0417483204,"Hippowdon":0.0,"Blissey":0.0,"Sylveon":0.000009572,"Pidgeot-Mega":0.000009572,"Latias":0.0000072029,"Tentacruel":0.0,"Bisharp":0.000009572,"Gengar":0.0,"Swampert":0.000009572,"Manectric-Mega":0.0417483204,"Hydreigon":0.0417483204,"Meloetta":0.0,"Slowbro":0.0,"Empoleon":0.0,"Beedrill-Mega":0.0},"usage":0.1108512,"Items":{"blacksludge":0.0417483204,"rockyhelmet":0.0000187717},"Raw count":19,"Spreads":{"Bold:252\/0\/176\/0\/80\/0":0.0417670921,"Calm:252\/0\/0\/4\/252\/0":0.0},"Happiness":{"255":0.0417670921},"Viability Ceiling":[2,72,72,72]},"Hydreigon":{"Moves":{"uturn":0.0417483204,"darkpulse":0.0417483204,"flashcannon":0.0,"roost":0.0,"dracometeor":0.0417483204,"fireblast":0.0417483204,"defog":0.0,"flamethrower":0.0},"Checks and Counters":{},"Abilities":{"levitate":0.0417483204},"Teammates":{"Darmanitan":0.0,"Klefki":0.0417483204,"Chandelure":0.0,"Volcanion":0.0,"Camerupt-Mega":0.0,"Terrakion":0.0,"Altaria-Mega":0.0,"Crawdaunt":0.0417483204,"Mamoswine":0.0,"Alomomola":0.0,"Gligar":0.0417483204,"Infernape":0.0,"Cobalion":0.0,"Sylveon":0.0,"Tentacruel":0.0,"Latias":0.0,"Amoonguss":0.0417483204,"Gengar":0.0,"Manectric-Mega":0.0417483204,"Primarina":0.0,"Togekiss":0.0,"Celebi":0.0,"Azelf":0.0,"Scizor":0.0,"Venusaur":0.0,"Rhyperior":0.0,"Uxie":0.0},"usage":0.1108258,"Items":{"steeliumz":0.0,"lifeorb":0.0,"choicescarf":0.0417483204,"choicespecs":0.0,"leftovers":0.0},"Raw count":16,"Spreads":{"Timid:0\/0\/0\/252\/4\/252":0.0417483204,"Timid:0\/0\/0\/252\/0\/252":0.0},"Happiness":{"255":0.0417483204},"Viability Ceiling":[6,72,72,68]},"Araquanid":{"Moves":{"stickyweb":0.333711706,"toxic":0.333711706,"liquidation":0.333711706,"leechlife":0.333711706},"Checks and Counters":{},"Abilities":{"waterbubble":0.333711706},"Teammates":{"Zeraora":0.333711706,"Roserade":0.333711706,"Donphan":0.333711706,"Blastoise-Mega":0.333711706,"Cobalion":0.333711706},"usage":0.8858766,"Items":{"aguavberry":0.333711706},"Raw count":3,"Spreads":{"Adamant:0\/252\/4\/0\/0\/252":0.333711706},"Happiness":{"255":0.333711706},"Viability Ceiling":[1,79,79,79]},"Crawdaunt":{"Moves":{"crunch":0.0417483204,"knockoff":0.0417542759,"dragondance":0.0000059555,"aquajet":0.0417542759,"bodyslam":0.0,"crabhammer":0.0417483204,"waterfall":0.0000059555,"ancientpower":0.0,"brickbreak":0.0,"superpower":0.0},"Checks and Counters":{},"Abilities":{"adaptability":0.0417542759},"Teammates":{"Rotom-Fan":0.0,"Oricorio":0.0,"Klefki":0.0417483204,"Ribombee":0.0,"Haxorus":0.0000059555,"Nihilego":0.0,"Mimikyu":0.0000059555,"Altaria-Mega":0.0,"Crobat":0.0,"Mamoswine":0.0000059555,"Accelgor":0.0,"Gligar":0.0417483204,"Absol-Mega":0.0,"Sylveon":0.0000059555,"Zeraora":0.0,"Amoonguss":0.0417483204,"Gengar":0.0,"Manectric-Mega":0.0417483204,"Altaria":0.0,"Doublade":0.0,"Hydreigon":0.0417483204,"Primarina":0.0,"Celebi":0.0,"Scizor":0.0,"Beedrill-Mega":0.0000059555},"usage":0.1108416,"Items":{"focussash":0.0000059555,"choicescarf":0.0,"choiceband":0.0417483204},"Raw count":8,"Spreads":{"Adamant:0\/252\/0\/0\/4\/252":0.0,"Jolly:0\/252\/4\/0\/0\/252":0.0000059555,"Adamant:0\/252\/4\/0\/0\/252":0.0417483204,"Hardy:0\/252\/252\/0\/0\/0":0.0},"Happiness":{"255":0.0417542759},"Viability Ceiling":[3,72,72,72]},"Roserade":{"Moves":{"sludgebomb":0.3349384027,"spikes":0.333711706,"leechseed":0.0012266968,"toxicspikes":0.0012266968,"hiddenpowerfire":0.333711706,"energyball":0.0012266968,"leafstorm":0.333711706},"Checks and Counters":{},"Abilities":{"technician":0.333711706,"naturalcure":0.0012266968},"Teammates":{"Araquanid":0.333711706,"Starmie":0.0012266968,"Entei":0.0012266968,"Scizor":0.0012266968,"Zeraora":0.3349384027,"Donphan":0.333711706,"Blastoise-Mega":0.333711706,"Aerodactyl-Mega":0.0012266968,"Cobalion":0.333711706},"usage":0.889133,"Items":{"grassiumz":0.333711706,"focussash":0.0012266968},"Raw count":4,"Spreads":{"Timid:0\/0\/0\/232\/24\/252":0.0012266968,"Timid:0\/0\/0\/252\/4\/252":0.333711706},"Happiness":{"255":0.3349384027},"Viability Ceiling":[2,79,79,79]},"Entei":{"Moves":{"roar":0.0012266968,"extremespeed":0.0012266968,"sacredfire":0.0012266968,"stoneedge":0.0012266968},"Checks and Counters":{},"Abilities":{"pressure":0.0012266968},"Teammates":{"Aerodactyl-Mega":0.0012266968,"Starmie":0.0012266968,"Scizor":0.0012266968,"Zeraora":0.0012266968,"Roserade":0.0012266968},"usage":0.0032564,"Items":{"leftovers":0.0012266968},"Raw count":1,"Spreads":{"Adamant:4\/252\/0\/0\/0\/252":0.0012266968},"Happiness":{"255":0.0012266968},"Viability Ceiling":[1,47,47,47]},"Scizor":{"Moves":{"uturn":0.0,"bulletpunch":0.0012266968,"quickattack":0.0,"bugbite":0.0012266968,"defog":0.0,"roost":0.0012266968,"aerialace":0.0,"swordsdance":0.0012266968,"knockoff":0.0,"pursuit":0.0,"superpower":0.0},"Checks and Counters":{},"Abilities":{"technician":0.0012266968},"Teammates":{"Gengar":0.0,"Sharpedo-Mega":0.0,"Darmanitan":0.0,"Volcanion":0.0,"Rotom-Heat":0.0,"Froslass":0.0,"Nihilego":0.0,"Mimikyu":0.0,"Terrakion":0.0,"Crawdaunt":0.0,"Mamoswine":0.0,"Accelgor":0.0,"Galvantula":0.0,"Gligar":0.0,"Infernape":0.0,"Scrafty":0.0,"Starmie":0.0012266968,"Entei":0.0012266968,"Pidgeot-Mega":0.0,"Latias":0.0,"Zeraora":0.0012266968,"Krookodile":0.0,"Lucario":0.0,"Swampert":0.0,"Aerodactyl-Mega":0.0012266968,"Manectric-Mega":0.0,"Hydreigon":0.0,"Talonflame":0.0,"Primarina":0.0,"Honchkrow":0.0,"Togekiss":0.0,"Celebi":0.0,"Azelf":0.0,"Roserade":0.0012266968,"Beedrill-Mega":0.0,"Kyurem":0.0},"usage":0.0032564,"Items":{"focussash":0.0,"leftovers":0.0012266968,"lifeorb":0.0,"choiceband":0.0,"buginiumz":0.0},"Raw count":37,"Spreads":{"Adamant:0\/252\/0\/0\/4\/252":0.0,"Adamant:164\/252\/0\/0\/0\/92":0.0,"Adamant:240\/252\/0\/0\/0\/16":0.0,"Impish:252\/0\/72\/0\/184\/0":0.0,"Adamant:248\/16\/144\/0\/96\/4":0.0,"Adamant:252\/252\/0\/0\/4\/0":0.0012266968,"Adamant:76\/252\/0\/0\/0\/180":0.0,"Adamant:248\/252\/0\/0\/8\/0":0.0,"Adamant:252\/252\/0\/0\/0\/0":0.0},"Happiness":{"255":0.0012266968},"Viability Ceiling":[7,68,68,67]},"Klefki":{"Moves":{"spikes":0.0417483204,"fairylock":0.0,"defog":0.0,"reflect":0.0417483204,"thunderwave":0.0417483204,"substitute":0.0,"toxic":0.0,"magiccoat":0.0,"lightscreen":0.0417483204,"flashcannon":0.0,"dazzlinggleam":0.0},"Checks and Counters":{},"Abilities":{"prankster":0.0417483204},"Teammates":{"Toxicroak":0.0,"Sharpedo-Mega":0.0,"Haxorus":0.0,"Mimikyu":0.0,"Altaria-Mega":0.0,"Crawdaunt":0.0417483204,"Crobat":0.0,"Zoroark":0.0,"Mew":0.0,"Alomomola":0.0,"Gligar":0.0417483204,"Infernape":0.0,"Blissey":0.0,"Venomoth":0.0,"Linoone":0.0,"Rotom-Heat":0.0,"Pidgeot-Mega":0.0,"Zeraora":0.0,"Amoonguss":0.0417483204,"Gengar":0.0,"Manectric-Mega":0.0417483204,"Doublade":0.0,"Hydreigon":0.0417483204,"Nidoking":0.0,"Heracross":0.0},"usage":0.1108258,"Items":{"rockyhelmet":0.0,"lightclay":0.0417483204},"Raw count":11,"Spreads":{"Bold:252\/0\/252\/0\/4\/0":0.0417483204,"Hardy:4\/0\/252\/0\/252\/0":0.0,"Bold:252\/0\/252\/4\/0\/0":0.0,"Calm:252\/0\/4\/0\/252\/0":0.0},"Happiness":{"255":0.0417483204},"Viability Ceiling":[2,72,72,72]},"Starmie":{"Moves":{"scald":0.0012266968,"thunderbolt":0.000000695,"psychic":0.0012266968,"icebeam":0.000000695,"thunderwave":0.0012266968,"psyshock":0.000000695,"rapidspin":0.0012266968,"hydropump":0.000000695},"Checks and Counters":{},"Abilities":{"analytic":0.000000695,"naturalcure":0.0012266968},"Teammates":{"Terrakion":0.0,"Doublade":0.0,"Mamoswine":0.0,"Entei":0.0012266968,"Galvantula":0.0,"Scizor":0.0012266968,"Zeraora":0.0012266968,"Blastoise-Mega":0.0,"Aerodactyl-Mega":0.0012266968,"Roserade":0.0012266968},